,Time,BC,BC post,LDPV_2,StopLDPV_2,LDPV_3,HDV_2,StopHDV_2,LDPV_1,StopLDPV_1,HDV_3,StopHDV_3,his_temp,his_wind,his_humid,dataset_number,StopLDPV_3,HDV_1
0,2024-11-04 17:51:30,1099.0,1119.0,1.0,1.0,1.0,2.0,1.0,1.0,1.0,0.0,0.0,14.7,15.7,70.0,0,0.0,0.0
1,2024-11-04 17:52:00,1138.0,1119.0,3.0,1.0,0.0,0.0,0.0,1.0,0.0,0.0,0.0,14.7,15.7,70.0,0,0.0,0.0
2,2024-11-04 17:52:30,974.0,981.0,1.0,0.0,1.0,0.0,0.0,1.0,1.0,0.0,0.0,14.7,15.7,70.0,0,0.0,0.0
3,2024-11-04 17:53:00,988.0,981.0,2.0,1.0,0.0,0.0,0.0,0.0,0.0,0.0,0.0,14.7,15.7,70.0,0,0.0,0.0
4,2024-11-04 17:53:30,1078.0,1099.0,0.0,0.0,0.0,0.0,0.0,3.0,1.0,0.0,0.0,14.7,15.7,70.0,0,0.0,0.0
5,2024-11-04 17:54:00,1119.0,1099.0,3.0,0.0,1.0,0.0,0.0,4.0,2.0,0.0,0.0,14.7,15.7,70.0,0,0.0,0.0
6,2024-11-04 17:54:30,1029.0,1075.0,2.0,2.0,0.0,0.0,0.0,1.0,0.0,0.0,0.0,14.7,15.7,70.0,0,0.0,0.0
7,2024-11-04 17:55:00,1120.0,1075.0,1.0,0.0,0.0,3.0,1.0,1.0,0.0,0.0,0.0,14.7,15.7,70.0,0,0.0,0.0
8,2024-11-04 17:55:30,1240.0,1240.0,0.0,0.0,2.0,0.0,0.0,7.0,2.0,1.0,1.0,14.7,15.7,70.0,0,0.0,0.0
9,2024-11-04 17:56:00,1368.0,1368.0,2.0,1.0,0.0,0.0,0.0,3.0,0.0,0.0,0.0,14.7,15.7,70.0,0,0.0,0.0
10,2024-11-04 17:56:30,1099.0,1164.0,0.0,0.0,0.0,0.0,0.0,2.0,1.0,0.0,0.0,14.7,15.7,70.0,0,0.0,0.0
11,2024-11-04 17:57:00,1228.0,1164.0,3.0,1.0,1.0,0.0,0.0,6.0,4.0,0.0,0.0,14.7,15.7,70.0,0,0.0,0.0
12,2024-11-04 17:57:30,1102.0,1040.0,1.0,1.0,0.0,0.0,0.0,3.0,2.0,0.0,0.0,14.7,15.7,70.0,0,0.0,0.0
13,2024-11-04 17:58:00,978.0,1040.0,2.0,2.0,0.0,0.0,0.0,5.0,4.0,0.0,0.0,14.7,15.7,70.0,0,0.0,0.0
14,2024-11-04 17:58:30,999.0,883.0,2.0,1.0,1.0,0.0,0.0,3.0,3.0,0.0,0.0,14.7,15.7,70.0,0,0.0,0.0
15,2024-11-04 17:59:00,766.0,883.0,1.0,0.0,3.0,0.0,0.0,0.0,0.0,0.0,0.0,14.7,15.7,70.0,0,0.0,0.0
16,2024-11-04 17:59:30,829.0,773.0,0.0,0.0,2.0,0.0,0.0,2.0,0.0,0.0,0.0,14.7,15.7,70.0,0,0.0,0.0
17,2024-11-04 18:00:00,717.0,773.0,4.0,1.0,0.0,0.0,0.0,0.0,0.0,0.0,0.0,14.7,15.7,70.0,0,0.0,0.0
18,2024-11-04 18:00:30,710.0,712.0,1.0,1.0,1.0,0.0,0.0,0.0,0.0,0.0,0.0,14.7,15.7,70.0,0,0.0,0.0
19,2024-11-04 18:01:00,714.0,712.0,2.0,2.0,0.0,0.0,0.0,0.0,0.0,0.0,0.0,14.7,15.7,70.0,0,0.0,0.0
20,2024-11-04 18:01:30,784.0,835.0,0.0,0.0,1.0,0.0,0.0,0.0,0.0,0.0,0.0,14.7,15.7,70.0,0,0.0,0.0
21,2024-11-04 18:02:00,886.0,835.0,1.0,0.0,1.0,0.0,0.0,0.0,0.0,0.0,0.0,14.7,15.7,70.0,0,0.0,0.0
22,2024-11-04 18:02:30,751.0,891.0,2.0,0.0,0.0,0.0,0.0,3.0,0.0,0.0,0.0,14.7,15.7,70.0,0,0.0,0.0
23,2024-11-04 18:03:00,1030.0,891.0,1.0,0.0,0.0,0.0,0.0,2.0,1.0,0.0,0.0,14.7,15.7,70.0,0,0.0,0.0
24,2024-11-04 18:03:30,833.0,933.0,1.0,2.0,3.0,0.0,0.0,1.0,1.0,0.0,0.0,14.7,15.7,70.0,0,0.0,0.0
25,2024-11-04 18:04:00,1032.0,933.0,5.0,3.0,1.0,0.0,0.0,2.0,0.0,0.0,0.0,14.7,15.7,70.0,0,0.0,0.0
26,2024-11-04 18:04:30,848.0,853.0,1.0,1.0,1.0,0.0,0.0,0.0,0.0,0.0,0.0,14.7,15.7,70.0,0,0.0,0.0
27,2024-11-04 18:05:00,857.0,853.0,3.0,2.0,1.0,0.0,0.0,1.0,0.0,0.0,0.0,14.7,15.7,70.0,0,0.0,0.0
28,2024-11-04 18:05:30,829.0,753.0,2.0,1.0,0.0,0.0,0.0,0.0,0.0,0.0,0.0,14.7,15.7,70.0,0,0.0,0.0
29,2024-11-04 18:06:00,676.0,753.0,1.0,1.0,1.0,0.0,0.0,1.0,0.0,0.0,0.0,14.7,15.7,70.0,0,0.0,0.0
30,2024-11-04 18:06:30,785.0,801.0,2.0,1.0,1.0,0.0,0.0,1.0,2.0,0.0,0.0,14.7,15.7,70.0,0,0.0,0.0
31,2024-11-04 18:07:00,816.0,801.0,3.0,1.0,1.0,0.0,0.0,0.0,1.0,0.0,0.0,14.7,15.7,70.0,0,0.0,0.0
32,2024-11-04 18:07:30,796.0,861.0,1.0,1.0,1.0,0.0,0.0,2.0,2.0,0.0,0.0,14.7,15.7,70.0,0,0.0,0.0
33,2024-11-04 18:08:00,925.0,861.0,0.0,0.0,0.0,0.0,0.0,2.0,1.0,0.0,0.0,14.7,15.7,70.0,0,0.0,0.0
34,2024-11-04 18:08:30,629.0,650.0,0.0,0.0,1.0,0.0,0.0,1.0,0.0,0.0,0.0,14.7,15.7,70.0,0,0.0,0.0
35,2024-11-04 18:09:00,670.0,650.0,1.0,0.0,2.0,0.0,0.0,0.0,0.0,0.0,0.0,14.7,15.7,70.0,0,0.0,0.0
36,2024-11-04 18:09:30,580.0,552.0,1.0,0.0,0.0,0.0,0.0,0.0,0.0,0.0,0.0,14.7,15.7,70.0,0,0.0,0.0
37,2024-11-04 18:10:00,549.0,552.0,1.0,0.0,2.0,0.0,0.0,1.0,0.0,0.0,0.0,14.7,15.7,70.0,0,0.0,0.0
38,2024-11-04 18:10:30,528.0,552.0,0.0,0.0,1.0,0.0,0.0,0.0,0.0,0.0,0.0,14.7,15.7,70.0,0,0.0,0.0
39,2024-11-04 18:11:00,571.0,568.0,1.0,1.0,0.0,0.0,0.0,1.0,0.0,0.0,0.0,14.7,15.7,70.0,0,0.0,0.0
40,2024-11-04 18:11:30,559.0,568.0,1.0,1.0,2.0,0.0,0.0,1.0,0.0,0.0,0.0,14.7,15.7,70.0,0,0.0,0.0
41,2024-11-04 18:12:00,573.0,568.0,1.0,0.0,0.0,0.0,0.0,1.0,0.0,0.0,0.0,14.7,15.7,70.0,0,0.0,0.0
42,2024-11-04 18:47:30,942.0,1058.0,1.0,2.0,3.0,0.0,0.0,0.0,0.0,0.0,0.0,15.3,15.5,68.0,1,0.0,0.0
43,2024-11-04 18:48:00,1174.0,1058.0,2.0,2.0,4.0,0.0,0.0,1.0,0.0,1.0,0.0,15.3,15.5,68.0,1,0.0,0.0
44,2024-11-04 18:48:30,1381.0,1381.0,2.0,0.0,7.0,0.0,0.0,0.0,0.0,0.0,0.0,15.3,15.5,68.0,1,0.0,0.0
45,2024-11-04 18:49:00,1070.0,1117.0,1.0,0.0,0.0,0.0,0.0,2.0,3.0,0.0,0.0,15.3,15.5,68.0,1,0.0,0.0
46,2024-11-04 18:49:30,1163.0,1117.0,1.0,0.0,10.0,0.0,0.0,9.0,1.0,0.0,0.0,15.3,15.5,68.0,1,0.0,0.0
47,2024-11-04 18:50:00,1508.0,1508.0,5.0,0.0,16.0,0.0,0.0,5.0,0.0,0.0,0.0,15.3,15.5,68.0,1,0.0,0.0
48,2024-11-04 18:50:30,867.0,855.0,0.0,0.0,6.0,0.0,0.0,4.0,1.0,0.0,0.0,15.3,15.5,68.0,1,0.0,0.0
49,2024-11-04 18:51:00,842.0,855.0,1.0,0.0,10.0,0.0,0.0,2.0,0.0,0.0,0.0,15.3,15.5,68.0,1,0.0,0.0
50,2024-11-04 18:51:30,809.0,993.0,0.0,0.0,3.0,0.0,0.0,0.0,0.0,0.0,0.0,15.3,15.5,68.0,1,0.0,0.0
51,2024-11-04 18:52:00,1177.0,993.0,2.0,0.0,8.0,0.0,0.0,1.0,0.0,2.0,0.0,15.3,15.5,68.0,1,0.0,0.0
52,2024-11-04 18:52:30,951.0,950.0,3.0,0.0,5.0,0.0,0.0,2.0,0.0,0.0,0.0,15.3,15.5,68.0,1,0.0,0.0
53,2024-11-04 18:53:00,948.0,950.0,0.0,0.0,4.0,0.0,0.0,0.0,0.0,0.0,0.0,15.3,15.5,68.0,1,0.0,0.0
54,2024-11-04 18:53:30,1044.0,1016.0,0.0,0.0,15.0,0.0,0.0,5.0,0.0,0.0,0.0,15.3,15.5,68.0,1,0.0,0.0
55,2024-11-04 18:54:00,987.0,1016.0,0.0,0.0,2.0,0.0,0.0,1.0,0.0,0.0,0.0,15.3,15.5,68.0,1,0.0,0.0
56,2024-11-04 18:54:30,715.0,792.0,0.0,0.0,2.0,0.0,0.0,2.0,1.0,0.0,0.0,15.3,15.5,68.0,1,0.0,0.0
57,2024-11-04 18:55:00,869.0,792.0,1.0,0.0,5.0,0.0,0.0,10.0,0.0,0.0,0.0,15.3,15.5,68.0,1,0.0,0.0
58,2024-11-04 18:55:30,754.0,819.0,0.0,0.0,1.0,0.0,0.0,0.0,0.0,0.0,0.0,15.3,15.5,68.0,1,0.0,0.0
59,2024-11-04 18:56:00,884.0,819.0,0.0,0.0,7.0,0.0,0.0,1.0,0.0,0.0,0.0,15.3,15.5,68.0,1,0.0,0.0
60,2024-11-04 18:56:30,1043.0,1009.0,3.0,0.0,14.0,0.0,0.0,4.0,0.0,0.0,0.0,15.3,15.5,68.0,1,0.0,0.0
61,2024-11-04 18:57:00,974.0,1009.0,0.0,0.0,1.0,0.0,0.0,0.0,0.0,0.0,0.0,15.3,15.5,68.0,1,0.0,0.0
62,2024-11-04 18:57:30,724.0,754.0,0.0,0.0,6.0,0.0,0.0,0.0,0.0,0.0,0.0,15.3,15.5,68.0,1,0.0,0.0
63,2024-11-04 18:58:00,783.0,754.0,1.0,0.0,7.0,0.0,0.0,1.0,0.0,0.0,0.0,15.3,15.5,68.0,1,0.0,0.0
64,2024-11-04 18:58:30,749.0,703.0,0.0,0.0,3.0,0.0,0.0,0.0,0.0,0.0,0.0,15.3,15.5,68.0,1,0.0,0.0
65,2024-11-04 18:59:00,656.0,703.0,1.0,0.0,3.0,0.0,0.0,0.0,0.0,0.0,0.0,15.3,15.5,68.0,1,0.0,0.0
66,2024-11-04 18:59:30,716.0,715.0,1.0,0.0,10.0,0.0,0.0,3.0,0.0,0.0,0.0,15.3,15.5,68.0,1,0.0,0.0
67,2024-11-04 19:00:00,714.0,715.0,0.0,0.0,1.0,0.0,0.0,0.0,0.0,0.0,0.0,15.3,15.5,68.0,1,1.0,0.0
68,2024-11-04 19:00:30,632.0,641.0,3.0,0.0,6.0,0.0,0.0,2.0,0.0,0.0,0.0,15.3,15.5,68.0,1,1.0,0.0
69,2024-11-04 19:01:00,650.0,641.0,1.0,0.0,2.0,0.0,0.0,0.0,0.0,0.0,0.0,15.3,15.5,68.0,1,0.0,0.0
70,2024-11-04 19:01:30,750.0,761.0,2.0,0.0,4.0,0.0,0.0,2.0,0.0,0.0,0.0,15.3,15.5,68.0,1,1.0,0.0
71,2024-11-04 19:02:00,771.0,761.0,1.0,0.0,18.0,0.0,0.0,1.0,0.0,1.0,0.0,15.3,15.5,68.0,1,1.0,0.0
72,2024-11-04 19:02:30,889.0,846.0,2.0,1.0,1.0,0.0,0.0,5.0,0.0,0.0,0.0,15.3,15.5,68.0,1,0.0,0.0
73,2024-11-04 19:03:00,802.0,846.0,4.0,2.0,1.0,0.0,0.0,2.0,1.0,0.0,0.0,15.3,15.5,68.0,1,0.0,0.0
74,2024-11-04 19:03:30,944.0,875.0,1.0,0.0,5.0,0.0,0.0,3.0,0.0,1.0,0.0,15.3,15.5,68.0,1,0.0,0.0
75,2024-11-04 19:04:00,806.0,875.0,1.0,0.0,2.0,0.0,0.0,3.0,1.0,0.0,0.0,15.3,15.5,68.0,1,0.0,0.0
76,2024-11-04 19:04:30,636.0,658.0,3.0,1.0,5.0,0.0,0.0,3.0,2.0,0.0,0.0,15.3,15.5,68.0,1,0.0,0.0
77,2024-11-04 19:05:00,679.0,658.0,1.0,1.0,6.0,1.0,0.0,5.0,1.0,0.0,0.0,15.3,15.5,68.0,1,0.0,0.0
78,2024-11-04 19:05:30,624.0,622.0,1.0,0.0,1.0,0.0,0.0,0.0,0.0,0.0,0.0,15.3,15.5,68.0,1,0.0,0.0
79,2024-11-04 19:06:00,619.0,622.0,4.0,0.0,10.0,0.0,0.0,3.0,0.0,0.0,0.0,15.3,15.5,68.0,1,0.0,0.0
80,2024-11-04 19:06:30,598.0,604.0,3.0,0.0,2.0,0.0,0.0,2.0,0.0,0.0,0.0,15.3,15.5,68.0,1,0.0,0.0
81,2024-11-04 19:07:00,609.0,604.0,2.0,0.0,1.0,0.0,0.0,1.0,0.0,0.0,0.0,15.3,15.5,68.0,1,0.0,0.0
82,2024-11-04 19:07:30,721.0,644.0,4.0,1.0,13.0,0.0,0.0,1.0,0.0,0.0,0.0,15.3,15.5,68.0,1,0.0,0.0
83,2024-11-04 19:08:00,567.0,644.0,0.0,0.0,4.0,0.0,0.0,0.0,0.0,0.0,0.0,15.3,15.5,68.0,1,0.0,0.0
84,2024-11-04 19:08:30,609.0,586.0,2.0,0.0,1.0,0.0,0.0,1.0,0.0,0.0,0.0,15.3,15.5,68.0,1,0.0,0.0
85,2024-11-04 19:09:00,562.0,586.0,5.0,0.0,7.0,0.0,0.0,1.0,0.0,0.0,0.0,15.3,15.5,68.0,1,0.0,0.0
86,2024-11-04 19:09:30,659.0,703.0,0.0,0.0,1.0,0.0,0.0,0.0,0.0,0.0,0.0,15.3,15.5,68.0,1,0.0,0.0
87,2024-11-04 19:10:00,746.0,703.0,1.0,0.0,3.0,0.0,0.0,0.0,0.0,0.0,0.0,15.3,15.5,68.0,1,0.0,0.0
88,2024-11-04 19:10:30,731.0,636.0,10.0,0.0,2.0,0.0,0.0,0.0,0.0,0.0,0.0,15.3,15.5,68.0,1,0.0,0.0
89,2024-11-04 19:11:00,540.0,636.0,1.0,0.0,4.0,0.0,0.0,0.0,0.0,0.0,0.0,15.3,15.5,68.0,1,0.0,0.0
90,2024-11-04 19:11:30,866.0,816.0,1.0,1.0,9.0,0.0,0.0,0.0,0.0,0.0,0.0,15.3,15.5,68.0,1,0.0,0.0
91,2024-11-04 19:12:00,765.0,816.0,7.0,0.0,1.0,0.0,1.0,0.0,0.0,0.0,0.0,15.3,15.5,68.0,1,0.0,0.0
92,2024-11-04 19:12:30,674.0,590.0,1.0,1.0,3.0,1.0,1.0,0.0,0.0,0.0,0.0,15.3,15.5,68.0,1,0.0,0.0
93,2024-11-04 19:13:00,505.0,590.0,5.0,1.0,11.0,1.0,1.0,0.0,0.0,0.0,0.0,15.3,15.5,68.0,1,2.0,0.0
94,2024-11-04 19:13:30,427.0,484.0,2.0,0.0,1.0,0.0,0.0,0.0,0.0,0.0,0.0,15.3,15.5,68.0,1,0.0,0.0
95,2024-11-04 19:14:00,560.0,484.0,2.0,1.0,2.0,0.0,0.0,0.0,0.0,0.0,0.0,15.3,15.5,68.0,1,0.0,0.0
96,2024-11-04 19:14:30,466.0,484.0,5.0,0.0,10.0,0.0,0.0,1.0,0.0,0.0,0.0,15.3,15.5,68.0,1,0.0,0.0
97,2024-11-04 19:15:00,493.0,597.0,1.0,1.0,3.0,0.0,0.0,5.0,2.0,0.0,0.0,15.3,15.5,68.0,1,0.0,0.0
98,2024-11-05 17:06:30,659.0,689.0,0.0,0.0,0.0,0.0,0.0,4.0,0.0,0.0,0.0,19.8,28.0,66.0,2,0.0,0.0
99,2024-11-05 17:06:40,818.0,689.0,1.0,0.0,0.0,0.0,0.0,1.0,0.0,0.0,0.0,19.8,28.0,66.0,2,0.0,0.0
100,2024-11-05 17:06:50,711.0,689.0,0.0,0.0,0.0,0.0,0.0,1.0,0.0,0.0,0.0,19.8,28.0,66.0,2,0.0,0.0
101,2024-11-05 17:07:00,595.0,689.0,0.0,0.0,0.0,0.0,0.0,1.0,0.0,0.0,0.0,19.8,28.0,66.0,2,0.0,0.0
102,2024-11-05 17:07:10,542.0,689.0,0.0,0.0,0.0,0.0,0.0,2.0,0.0,0.0,0.0,19.8,28.0,66.0,2,0.0,0.0
103,2024-11-05 17:07:20,811.0,689.0,0.0,0.0,0.0,0.0,0.0,1.0,0.0,0.0,0.0,19.8,28.0,66.0,2,0.0,0.0
104,2024-11-05 17:07:30,712.0,690.0,1.0,0.0,0.0,0.0,0.0,3.0,0.0,0.0,0.0,19.8,28.0,66.0,2,0.0,0.0
105,2024-11-05 17:07:40,637.0,690.0,0.0,0.0,0.0,0.0,0.0,3.0,0.0,0.0,0.0,19.8,28.0,66.0,2,0.0,0.0
106,2024-11-05 17:07:50,804.0,690.0,0.0,0.0,0.0,0.0,0.0,1.0,0.0,0.0,0.0,19.8,28.0,66.0,2,0.0,0.0
107,2024-11-05 17:08:00,585.0,690.0,0.0,0.0,0.0,0.0,0.0,2.0,0.0,0.0,0.0,19.8,28.0,66.0,2,0.0,0.0
108,2024-11-05 17:08:10,712.0,690.0,0.0,0.0,0.0,0.0,0.0,1.0,0.0,0.0,0.0,19.8,28.0,66.0,2,0.0,0.0
109,2024-11-05 17:08:20,571.0,610.0,0.0,0.0,0.0,0.0,0.0,0.0,0.0,0.0,0.0,19.8,28.0,66.0,2,0.0,0.0
110,2024-11-05 17:08:30,779.0,610.0,0.0,0.0,0.0,0.0,0.0,0.0,0.0,0.0,0.0,19.8,28.0,66.0,2,0.0,0.0
111,2024-11-05 17:08:40,574.0,610.0,0.0,0.0,0.0,0.0,0.0,2.0,0.0,0.0,0.0,19.8,28.0,66.0,2,0.0,0.0
112,2024-11-05 17:08:50,530.0,610.0,1.0,0.0,0.0,0.0,0.0,3.0,0.0,0.0,0.0,19.8,28.0,66.0,2,0.0,0.0
113,2024-11-05 17:09:00,787.0,610.0,1.0,0.0,0.0,0.0,0.0,3.0,0.0,0.0,0.0,19.8,28.0,66.0,2,0.0,0.0
114,2024-11-05 17:09:10,420.0,610.0,1.0,0.0,0.0,0.0,0.0,3.0,0.0,0.0,0.0,19.8,28.0,66.0,2,0.0,0.0
115,2024-11-05 17:09:20,793.0,583.0,0.0,0.0,0.0,0.0,0.0,2.0,0.0,0.0,0.0,19.8,28.0,66.0,2,0.0,0.0
116,2024-11-05 17:09:30,562.0,583.0,0.0,0.0,0.0,0.0,0.0,0.0,0.0,0.0,0.0,19.8,28.0,66.0,2,0.0,0.0
117,2024-11-05 17:09:40,495.0,583.0,0.0,0.0,0.0,0.0,0.0,0.0,0.0,0.0,0.0,19.8,28.0,66.0,2,0.0,0.0
118,2024-11-05 17:09:50,615.0,583.0,0.0,0.0,0.0,0.0,0.0,0.0,0.0,0.0,0.0,19.8,28.0,66.0,2,0.0,0.0
119,2024-11-05 17:10:00,474.0,583.0,0.0,0.0,0.0,0.0,0.0,1.0,0.0,0.0,0.0,19.8,28.0,66.0,2,0.0,0.0
120,2024-11-05 17:10:10,556.0,583.0,0.0,0.0,0.0,0.0,0.0,3.0,0.0,0.0,0.0,19.8,28.0,66.0,2,0.0,0.0
121,2024-11-05 17:10:20,526.0,595.0,0.0,0.0,0.0,0.0,0.0,3.0,0.0,0.0,0.0,19.8,28.0,66.0,2,0.0,0.0
122,2024-11-05 17:10:30,592.0,595.0,0.0,0.0,0.0,0.0,0.0,3.0,0.0,0.0,0.0,19.8,28.0,66.0,2,0.0,0.0
123,2024-11-05 17:10:40,829.0,595.0,1.0,0.0,0.0,0.0,0.0,3.0,0.0,0.0,0.0,19.8,28.0,66.0,2,0.0,0.0
124,2024-11-05 17:10:50,416.0,595.0,1.0,0.0,0.0,0.0,0.0,3.0,0.0,0.0,0.0,19.8,28.0,66.0,2,0.0,0.0
125,2024-11-05 17:11:00,787.0,595.0,2.0,0.0,0.0,0.0,0.0,0.0,0.0,0.0,0.0,19.8,28.0,66.0,2,0.0,0.0
126,2024-11-05 17:11:10,422.0,595.0,1.0,0.0,0.0,0.0,0.0,0.0,0.0,0.0,0.0,19.8,28.0,66.0,2,0.0,0.0
127,2024-11-05 17:11:20,556.0,529.0,0.0,0.0,0.0,0.0,0.0,0.0,0.0,0.0,0.0,19.8,28.0,66.0,2,0.0,0.0
128,2024-11-05 17:11:30,429.0,529.0,0.0,0.0,0.0,0.0,0.0,2.0,0.0,0.0,0.0,19.8,28.0,66.0,2,0.0,0.0
129,2024-11-05 17:11:40,451.0,529.0,0.0,0.0,0.0,0.0,0.0,1.0,0.0,0.0,0.0,19.8,28.0,66.0,2,0.0,0.0
130,2024-11-05 17:11:50,690.0,529.0,0.0,0.0,0.0,0.0,0.0,3.0,0.0,0.0,0.0,19.8,28.0,66.0,2,0.0,0.0
131,2024-11-05 17:12:00,406.0,529.0,0.0,0.0,0.0,0.0,0.0,1.0,0.0,0.0,0.0,19.8,28.0,66.0,2,0.0,0.0
132,2024-11-05 17:12:10,548.0,529.0,0.0,0.0,0.0,0.0,0.0,1.0,0.0,0.0,0.0,19.8,28.0,66.0,2,0.0,0.0
133,2024-11-05 17:12:20,625.0,529.0,0.0,0.0,0.0,0.0,0.0,1.0,1.0,0.0,0.0,19.8,28.0,66.0,2,0.0,0.0
134,2024-11-05 17:12:30,443.0,520.0,0.0,0.0,0.0,0.0,0.0,2.0,1.0,0.0,0.0,19.8,28.0,66.0,2,0.0,0.0
135,2024-11-05 17:12:40,533.0,520.0,0.0,0.0,0.0,0.0,0.0,1.0,1.0,0.0,0.0,19.8,28.0,66.0,2,0.0,0.0
136,2024-11-05 17:12:50,368.0,520.0,0.0,0.0,0.0,0.0,0.0,2.0,1.0,0.0,0.0,19.8,28.0,66.0,2,0.0,0.0
137,2024-11-05 17:13:00,579.0,520.0,1.0,0.0,0.0,0.0,0.0,1.0,0.0,0.0,0.0,19.8,28.0,66.0,2,0.0,0.0
138,2024-11-05 17:13:10,360.0,520.0,0.0,0.0,0.0,0.0,0.0,1.0,0.0,0.0,0.0,19.8,28.0,66.0,2,0.0,0.0
139,2024-11-05 17:13:20,600.0,520.0,1.0,0.0,0.0,0.0,0.0,3.0,0.0,0.0,0.0,19.8,28.0,66.0,2,0.0,0.0
140,2024-11-05 17:13:30,504.0,520.0,1.0,0.0,0.0,0.0,0.0,0.0,0.0,0.0,0.0,19.8,28.0,66.0,2,0.0,0.0
141,2024-11-05 17:13:40,769.0,520.0,0.0,0.0,0.0,0.0,0.0,0.0,0.0,0.0,0.0,19.8,28.0,66.0,2,0.0,0.0
142,2024-11-05 17:13:50,493.0,675.0,0.0,0.0,0.0,0.0,0.0,0.0,0.0,0.0,0.0,19.8,28.0,66.0,2,0.0,0.0
143,2024-11-05 17:14:00,349.0,675.0,0.0,0.0,0.0,0.0,0.0,0.0,0.0,0.0,0.0,19.8,28.0,66.0,2,0.0,0.0
144,2024-11-05 17:14:10,-242.0,675.0,0.0,0.0,0.0,0.0,0.0,0.0,0.0,0.0,0.0,19.8,28.0,66.0,2,0.0,0.0
145,2024-11-05 17:14:20,874.0,675.0,0.0,0.0,0.0,0.0,0.0,1.0,0.0,0.0,0.0,19.8,28.0,66.0,2,0.0,0.0
146,2024-11-05 17:14:30,955.0,675.0,0.0,0.0,0.0,0.0,0.0,3.0,0.0,0.0,0.0,19.8,28.0,66.0,2,0.0,0.0
147,2024-11-05 17:14:40,1623.0,675.0,2.0,0.0,0.0,0.0,0.0,3.0,0.0,0.0,0.0,19.8,28.0,66.0,2,0.0,2.0
148,2024-11-05 17:14:50,394.0,610.0,0.0,0.0,0.0,0.0,0.0,1.0,0.0,0.0,0.0,19.8,28.0,66.0,2,0.0,0.0
149,2024-11-05 17:15:00,475.0,610.0,0.0,0.0,0.0,0.0,0.0,2.0,0.0,0.0,0.0,19.8,28.0,66.0,2,0.0,0.0
150,2024-11-05 17:15:10,685.0,610.0,0.0,0.0,0.0,0.0,0.0,2.0,1.0,0.0,0.0,19.8,28.0,66.0,2,0.0,0.0
151,2024-11-05 17:15:20,743.0,610.0,0.0,0.0,0.0,0.0,0.0,1.0,1.0,0.0,0.0,19.8,28.0,66.0,2,0.0,0.0
152,2024-11-05 17:15:30,556.0,610.0,0.0,0.0,0.0,0.0,0.0,1.0,1.0,0.0,0.0,19.8,28.0,66.0,2,0.0,0.0
153,2024-11-05 17:15:40,805.0,610.0,1.0,0.0,0.0,0.0,0.0,1.0,0.0,0.0,0.0,19.8,28.0,66.0,2,0.0,0.0
154,2024-11-05 17:15:50,677.0,604.0,1.0,0.0,0.0,0.0,0.0,0.0,0.0,0.0,0.0,19.8,28.0,66.0,2,0.0,0.0
155,2024-11-05 17:16:00,516.0,604.0,3.0,0.0,0.0,0.0,0.0,0.0,0.0,0.0,0.0,19.8,28.0,66.0,2,0.0,0.0
156,2024-11-05 17:16:10,679.0,604.0,2.0,0.0,0.0,0.0,0.0,0.0,0.0,0.0,0.0,19.8,28.0,66.0,2,0.0,0.0
157,2024-11-05 17:16:20,635.0,604.0,3.0,0.0,0.0,0.0,0.0,0.0,0.0,0.0,0.0,19.8,28.0,66.0,2,0.0,0.0
158,2024-11-05 17:16:30,561.0,604.0,0.0,0.0,0.0,0.0,0.0,0.0,0.0,0.0,0.0,19.8,28.0,66.0,2,0.0,0.0
159,2024-11-05 17:16:40,558.0,604.0,0.0,0.0,0.0,0.0,0.0,0.0,0.0,0.0,0.0,19.8,28.0,66.0,2,0.0,0.0
160,2024-11-05 17:16:50,614.0,591.0,0.0,0.0,0.0,0.0,0.0,0.0,0.0,0.0,0.0,19.8,28.0,66.0,2,0.0,0.0
161,2024-11-05 17:17:00,360.0,591.0,1.0,0.0,0.0,0.0,0.0,0.0,0.0,0.0,0.0,19.8,28.0,66.0,2,0.0,0.0
162,2024-11-05 17:17:10,704.0,591.0,3.0,0.0,0.0,0.0,0.0,2.0,0.0,0.0,0.0,19.8,28.0,66.0,2,0.0,0.0
163,2024-11-05 17:17:20,472.0,591.0,1.0,0.0,0.0,0.0,0.0,1.0,0.0,0.0,0.0,19.8,28.0,66.0,2,0.0,0.0
164,2024-11-05 17:17:30,824.0,591.0,0.0,0.0,0.0,0.0,0.0,1.0,0.0,0.0,0.0,19.8,28.0,66.0,2,0.0,0.0
165,2024-11-05 17:17:40,571.0,591.0,0.0,0.0,0.0,0.0,0.0,0.0,0.0,0.0,0.0,19.8,28.0,66.0,2,0.0,0.0
166,2024-11-05 17:17:50,686.0,563.0,1.0,0.0,0.0,0.0,0.0,0.0,0.0,0.0,0.0,19.8,28.0,66.0,2,0.0,0.0
167,2024-11-05 17:18:00,522.0,563.0,0.0,0.0,0.0,0.0,0.0,1.0,0.0,0.0,0.0,19.8,28.0,66.0,2,0.0,0.0
168,2024-11-05 17:18:10,443.0,563.0,0.0,0.0,0.0,0.0,0.0,0.0,0.0,0.0,0.0,19.8,28.0,66.0,2,0.0,0.0
169,2024-11-05 17:18:20,528.0,563.0,0.0,0.0,0.0,0.0,0.0,0.0,0.0,0.0,0.0,19.8,28.0,66.0,2,0.0,0.0
170,2024-11-05 17:18:30,564.0,563.0,2.0,0.0,0.0,0.0,0.0,0.0,0.0,0.0,0.0,19.8,28.0,66.0,2,0.0,0.0
171,2024-11-05 17:18:40,632.0,563.0,0.0,0.0,0.0,1.0,0.0,0.0,0.0,0.0,0.0,19.8,28.0,66.0,2,0.0,0.0
172,2024-11-05 17:18:50,568.0,563.0,0.0,0.0,0.0,0.0,0.0,1.0,0.0,0.0,0.0,19.8,28.0,66.0,2,0.0,1.0
173,2024-11-05 17:19:00,602.0,592.0,0.0,0.0,0.0,0.0,0.0,4.0,0.0,0.0,0.0,19.8,28.0,66.0,2,0.0,0.0
174,2024-11-05 17:19:10,484.0,592.0,1.0,0.0,0.0,0.0,0.0,1.0,0.0,0.0,0.0,19.8,28.0,66.0,2,0.0,0.0
175,2024-11-05 17:19:20,555.0,592.0,0.0,0.0,0.0,0.0,0.0,0.0,0.0,0.0,0.0,19.8,28.0,66.0,2,0.0,0.0
176,2024-11-05 17:19:30,715.0,592.0,0.0,0.0,0.0,0.0,0.0,0.0,0.0,0.0,0.0,19.8,28.0,66.0,2,0.0,0.0
177,2024-11-05 17:19:40,814.0,592.0,0.0,0.0,0.0,0.0,0.0,0.0,0.0,0.0,0.0,19.8,28.0,66.0,2,0.0,0.0
178,2024-11-05 17:19:50,379.0,592.0,1.0,0.0,0.0,0.0,0.0,0.0,0.0,0.0,0.0,19.8,28.0,66.0,2,0.0,0.0
179,2024-11-05 17:20:00,855.0,656.0,1.0,0.0,0.0,1.0,0.0,1.0,0.0,0.0,0.0,19.8,28.0,66.0,2,0.0,0.0
180,2024-11-05 17:20:10,545.0,656.0,0.0,0.0,0.0,0.0,0.0,0.0,0.0,0.0,0.0,19.8,28.0,66.0,2,0.0,0.0
181,2024-11-05 17:20:20,689.0,656.0,0.0,0.0,0.0,0.0,0.0,3.0,0.0,0.0,0.0,19.8,28.0,66.0,2,0.0,0.0
182,2024-11-05 17:20:30,454.0,656.0,1.0,0.0,0.0,0.0,0.0,2.0,0.0,0.0,0.0,19.8,28.0,66.0,2,0.0,0.0
183,2024-11-05 17:20:40,646.0,656.0,0.0,0.0,0.0,0.0,0.0,0.0,0.0,0.0,0.0,19.8,28.0,66.0,2,0.0,0.0
184,2024-11-05 17:20:50,747.0,656.0,0.0,0.0,0.0,0.0,0.0,0.0,0.0,0.0,0.0,19.8,28.0,66.0,2,0.0,0.0
185,2024-11-05 17:21:00,426.0,637.0,0.0,0.0,0.0,0.0,0.0,2.0,0.0,0.0,0.0,19.8,28.0,66.0,2,0.0,0.0
186,2024-11-05 17:21:10,696.0,637.0,0.0,0.0,0.0,0.0,0.0,1.0,1.0,0.0,0.0,19.8,28.0,66.0,2,0.0,0.0
187,2024-11-05 17:21:20,543.0,637.0,0.0,0.0,0.0,0.0,0.0,0.0,0.0,0.0,0.0,19.8,28.0,66.0,2,0.0,0.0
188,2024-11-05 17:21:30,699.0,637.0,0.0,0.0,0.0,0.0,0.0,1.0,0.0,0.0,0.0,19.8,28.0,66.0,2,0.0,0.0
189,2024-11-05 17:21:40,900.0,637.0,0.0,0.0,0.0,0.0,0.0,3.0,0.0,0.0,0.0,19.8,28.0,66.0,2,0.0,0.0
190,2024-11-05 17:21:50,559.0,637.0,0.0,0.0,0.0,0.0,0.0,3.0,0.0,0.0,0.0,19.8,28.0,66.0,2,0.0,0.0
191,2024-11-05 17:22:00,581.0,634.0,1.0,0.0,0.0,0.0,0.0,1.0,1.0,0.0,0.0,19.8,28.0,66.0,2,0.0,0.0
192,2024-11-05 17:22:10,573.0,634.0,0.0,0.0,0.0,0.0,0.0,1.0,1.0,0.0,0.0,19.8,28.0,66.0,2,0.0,0.0
193,2024-11-05 17:22:20,897.0,634.0,0.0,0.0,0.0,0.0,0.0,1.0,1.0,0.0,0.0,19.8,28.0,66.0,2,0.0,0.0
194,2024-11-05 17:22:30,535.0,634.0,0.0,0.0,0.0,0.0,0.0,2.0,0.0,0.0,0.0,19.8,28.0,66.0,2,0.0,0.0
195,2024-11-05 17:22:40,625.0,634.0,1.0,0.0,0.0,0.0,0.0,0.0,0.0,0.0,0.0,19.8,28.0,66.0,2,0.0,0.0
196,2024-11-05 17:22:50,592.0,634.0,1.0,0.0,0.0,0.0,0.0,0.0,0.0,0.0,0.0,19.8,28.0,66.0,2,0.0,0.0
197,2024-11-05 17:23:00,665.0,687.0,0.0,0.0,0.0,0.0,0.0,1.0,0.0,0.0,0.0,19.8,28.0,66.0,2,0.0,0.0
198,2024-11-05 17:23:10,855.0,687.0,1.0,0.0,0.0,1.0,0.0,2.0,0.0,0.0,0.0,19.8,28.0,66.0,2,0.0,0.0
199,2024-11-05 17:23:20,738.0,687.0,0.0,0.0,0.0,0.0,0.0,2.0,0.0,0.0,0.0,19.8,28.0,66.0,2,0.0,0.0
200,2024-11-05 17:23:30,508.0,687.0,0.0,0.0,0.0,0.0,0.0,1.0,1.0,0.0,0.0,19.8,28.0,66.0,2,0.0,0.0
201,2024-11-05 17:23:40,573.0,687.0,0.0,0.0,0.0,0.0,0.0,1.0,1.0,0.0,0.0,19.8,28.0,66.0,2,0.0,0.0
202,2024-11-05 17:23:50,781.0,687.0,0.0,0.0,0.0,0.0,0.0,1.0,1.0,0.0,0.0,19.8,28.0,66.0,2,0.0,0.0
203,2024-11-05 17:24:00,650.0,657.0,1.0,0.0,0.0,0.0,0.0,1.0,0.0,0.0,0.0,19.8,28.0,66.0,2,0.0,0.0
204,2024-11-05 17:24:10,719.0,657.0,2.0,0.0,0.0,0.0,0.0,0.0,0.0,0.0,0.0,19.8,28.0,66.0,2,0.0,0.0
205,2024-11-05 17:24:20,562.0,657.0,0.0,0.0,0.0,0.0,0.0,1.0,0.0,0.0,0.0,19.8,28.0,66.0,2,0.0,0.0
206,2024-11-05 17:24:30,570.0,657.0,0.0,0.0,0.0,1.0,0.0,2.0,0.0,0.0,0.0,19.8,28.0,66.0,2,0.0,0.0
207,2024-11-05 17:24:40,779.0,657.0,1.0,0.0,0.0,0.0,0.0,2.0,0.0,0.0,0.0,19.8,28.0,66.0,2,0.0,0.0
208,2024-11-05 17:24:50,659.0,657.0,0.0,0.0,0.0,0.0,0.0,2.0,0.0,0.0,0.0,19.8,28.0,66.0,2,0.0,0.0
209,2024-11-05 17:25:00,539.0,631.0,0.0,0.0,0.0,0.0,0.0,1.0,1.0,0.0,0.0,19.8,28.0,66.0,2,0.0,0.0
210,2024-11-05 17:25:10,771.0,631.0,0.0,0.0,0.0,0.0,0.0,1.0,1.0,0.0,0.0,19.8,28.0,66.0,2,0.0,0.0
211,2024-11-05 17:25:20,399.0,631.0,0.0,0.0,0.0,0.0,0.0,3.0,0.0,0.0,0.0,19.8,28.0,66.0,2,0.0,0.0
212,2024-11-05 17:25:30,872.0,631.0,1.0,0.0,0.0,0.0,0.0,0.0,0.0,0.0,0.0,19.8,28.0,66.0,2,0.0,0.0
213,2024-11-05 17:25:40,610.0,631.0,1.0,0.0,0.0,0.0,0.0,1.0,0.0,0.0,0.0,19.8,28.0,66.0,2,0.0,0.0
214,2024-11-05 17:25:50,595.0,631.0,0.0,0.0,0.0,0.0,0.0,0.0,0.0,0.0,0.0,19.8,28.0,66.0,2,0.0,0.0
215,2024-11-05 17:26:00,633.0,753.0,0.0,0.0,0.0,0.0,0.0,3.0,0.0,0.0,0.0,19.8,28.0,66.0,2,0.0,0.0
216,2024-11-05 17:26:10,591.0,753.0,0.0,0.0,0.0,0.0,0.0,0.0,0.0,0.0,0.0,19.8,28.0,66.0,2,0.0,0.0
217,2024-11-05 17:26:20,770.0,753.0,0.0,0.0,0.0,0.0,0.0,0.0,0.0,0.0,0.0,19.8,28.0,66.0,2,0.0,0.0
218,2024-11-05 17:26:30,600.0,753.0,0.0,0.0,0.0,0.0,0.0,0.0,0.0,0.0,0.0,19.8,28.0,66.0,2,0.0,0.0
219,2024-11-05 17:26:40,749.0,753.0,1.0,0.0,0.0,0.0,0.0,0.0,0.0,0.0,0.0,19.8,28.0,66.0,2,0.0,0.0
220,2024-11-05 17:26:50,1177.0,753.0,2.0,0.0,0.0,0.0,0.0,0.0,0.0,0.0,0.0,19.8,28.0,66.0,2,0.0,0.0
221,2024-11-05 17:27:00,672.0,720.0,1.0,0.0,0.0,0.0,0.0,0.0,0.0,0.0,0.0,19.8,28.0,66.0,2,0.0,0.0
222,2024-11-05 17:27:10,926.0,720.0,0.0,0.0,0.0,0.0,0.0,2.0,0.0,0.0,0.0,19.8,28.0,66.0,2,0.0,0.0
223,2024-11-05 17:27:20,815.0,720.0,0.0,0.0,0.0,0.0,0.0,0.0,0.0,0.0,0.0,19.8,28.0,66.0,2,0.0,0.0
224,2024-11-05 17:27:30,679.0,720.0,1.0,0.0,0.0,0.0,0.0,0.0,0.0,0.0,0.0,19.8,28.0,66.0,2,0.0,0.0
225,2024-11-05 17:27:40,510.0,720.0,0.0,0.0,0.0,0.0,0.0,2.0,0.0,0.0,0.0,19.8,28.0,66.0,2,0.0,0.0
226,2024-11-05 17:27:50,710.0,747.0,0.0,0.0,0.0,0.0,0.0,1.0,1.0,0.0,0.0,19.8,28.0,66.0,2,0.0,0.0
227,2024-11-05 17:28:00,586.0,747.0,0.0,0.0,0.0,0.0,0.0,1.0,1.0,0.0,0.0,19.8,28.0,66.0,2,0.0,0.0
228,2024-11-05 17:28:10,657.0,747.0,1.0,0.0,0.0,0.0,0.0,3.0,0.0,0.0,0.0,19.8,28.0,66.0,2,0.0,0.0
229,2024-11-05 17:28:20,819.0,747.0,0.0,0.0,0.0,0.0,0.0,0.0,0.0,0.0,0.0,19.8,28.0,66.0,2,0.0,0.0
230,2024-11-05 17:28:30,605.0,747.0,0.0,0.0,0.0,0.0,0.0,1.0,0.0,0.0,0.0,19.8,28.0,66.0,2,0.0,0.0
231,2024-11-05 17:28:40,1107.0,747.0,0.0,0.0,0.0,0.0,0.0,1.0,0.0,0.0,0.0,19.8,28.0,66.0,2,0.0,0.0
232,2024-11-05 17:28:50,817.0,689.0,2.0,0.0,0.0,0.0,0.0,1.0,0.0,0.0,0.0,19.8,28.0,66.0,2,0.0,0.0
233,2024-11-05 17:29:00,601.0,689.0,1.0,0.0,0.0,0.0,0.0,4.0,1.0,0.0,0.0,19.8,28.0,66.0,2,0.0,0.0
234,2024-11-05 17:29:10,622.0,689.0,0.0,0.0,0.0,0.0,0.0,1.0,1.0,0.0,0.0,19.8,28.0,66.0,2,0.0,0.0
235,2024-11-05 17:29:20,897.0,689.0,0.0,0.0,0.0,0.0,0.0,2.0,1.0,0.0,0.0,19.8,28.0,66.0,2,0.0,0.0
236,2024-11-05 17:29:30,336.0,689.0,0.0,0.0,0.0,0.0,0.0,2.0,1.0,0.0,0.0,19.8,28.0,66.0,2,0.0,0.0
237,2024-11-05 17:29:40,860.0,689.0,0.0,0.0,0.0,0.0,0.0,2.0,0.0,0.0,0.0,19.8,28.0,66.0,2,0.0,1.0
238,2024-11-05 17:29:50,738.0,940.0,0.0,0.0,0.0,0.0,0.0,0.0,0.0,0.0,0.0,19.8,28.0,66.0,2,0.0,0.0
239,2024-11-05 17:34:50,1202.0,1114.0,2.0,0.0,3.0,1.0,0.0,1.0,0.0,0.0,0.0,19.1,24.5,67.0,3,0.0,0.0
240,2024-11-05 17:35:00,951.0,1114.0,0.0,0.0,0.0,1.0,0.0,1.0,1.0,0.0,0.0,19.1,24.5,67.0,3,0.0,0.0
241,2024-11-05 17:35:10,1205.0,1114.0,0.0,0.0,0.0,1.0,1.0,1.0,1.0,0.0,0.0,19.1,24.5,67.0,3,0.0,0.0
242,2024-11-05 17:35:20,1098.0,1114.0,0.0,0.0,0.0,1.0,0.0,4.0,1.0,1.0,0.0,19.1,24.5,67.0,3,0.0,0.0
243,2024-11-05 17:35:30,810.0,961.0,0.0,0.0,0.0,1.0,0.0,2.0,1.0,0.0,0.0,19.1,24.5,67.0,3,0.0,0.0
244,2024-11-05 17:35:40,1142.0,961.0,0.0,0.0,0.0,0.0,0.0,1.0,1.0,0.0,0.0,19.1,24.5,67.0,3,0.0,0.0
245,2024-11-05 17:35:50,960.0,961.0,0.0,0.0,0.0,0.0,0.0,1.0,1.0,1.0,0.0,19.1,24.5,67.0,3,0.0,0.0
246,2024-11-05 17:36:00,933.0,961.0,2.0,0.0,1.0,1.0,0.0,2.0,0.0,0.0,0.0,19.1,24.5,67.0,3,0.0,1.0
247,2024-11-05 17:36:10,851.0,656.0,4.0,0.0,0.0,0.0,0.0,2.0,1.0,0.0,0.0,19.1,24.5,67.0,3,0.0,0.0
248,2024-11-05 17:36:20,579.0,656.0,0.0,0.0,0.0,0.0,0.0,1.0,1.0,0.0,0.0,19.1,24.5,67.0,3,0.0,0.0
249,2024-11-05 17:36:30,730.0,656.0,0.0,0.0,0.0,0.0,0.0,0.0,0.0,0.0,0.0,19.1,24.5,67.0,3,0.0,0.0
250,2024-11-05 17:36:40,415.0,656.0,0.0,0.0,0.0,0.0,0.0,0.0,0.0,0.0,0.0,19.1,24.5,67.0,3,0.0,0.0
251,2024-11-05 17:36:50,720.0,656.0,0.0,0.0,0.0,0.0,0.0,0.0,0.0,0.0,0.0,19.1,24.5,67.0,3,0.0,0.0
252,2024-11-05 17:37:00,643.0,656.0,0.0,0.0,0.0,0.0,0.0,0.0,0.0,0.0,0.0,19.1,24.5,67.0,3,0.0,0.0
253,2024-11-05 17:37:10,796.0,1201.0,0.0,0.0,0.0,0.0,0.0,0.0,0.0,0.0,0.0,19.1,24.5,67.0,3,0.0,0.0
254,2024-11-05 17:37:20,1197.0,1201.0,2.0,0.0,0.0,0.0,0.0,1.0,1.0,0.0,0.0,19.1,24.5,67.0,3,0.0,0.0
255,2024-11-05 17:37:30,1609.0,1201.0,4.0,0.0,0.0,1.0,0.0,1.0,1.0,0.0,0.0,19.1,24.5,67.0,3,0.0,0.0
256,2024-11-05 17:37:40,1447.0,1435.0,1.0,0.0,0.0,0.0,0.0,2.0,1.0,0.0,0.0,19.1,24.5,67.0,3,0.0,0.0
257,2024-11-05 17:37:50,1289.0,1435.0,0.0,0.0,0.0,0.0,0.0,2.0,2.0,0.0,0.0,19.1,24.5,67.0,3,0.0,0.0
258,2024-11-05 17:38:00,1568.0,1435.0,0.0,0.0,0.0,0.0,0.0,5.0,2.0,0.0,0.0,19.1,24.5,67.0,3,0.0,0.0
259,2024-11-05 17:38:10,1113.0,987.0,0.0,0.0,0.0,0.0,0.0,2.0,2.0,0.0,0.0,19.1,24.5,67.0,3,0.0,0.0
260,2024-11-05 17:38:20,832.0,987.0,0.0,0.0,0.0,0.0,0.0,3.0,2.0,0.0,0.0,19.1,24.5,67.0,3,0.0,0.0
261,2024-11-05 17:38:30,885.0,987.0,0.0,0.0,0.0,0.0,0.0,2.0,2.0,0.0,0.0,19.1,24.5,67.0,3,0.0,0.0
262,2024-11-05 17:38:40,1118.0,987.0,0.0,0.0,0.0,0.0,0.0,2.0,2.0,0.0,0.0,19.1,24.5,67.0,3,0.0,0.0
263,2024-11-05 17:38:50,1295.0,1342.0,3.0,0.0,0.0,1.0,0.0,2.0,1.0,0.0,0.0,19.1,24.5,67.0,3,0.0,0.0
264,2024-11-05 17:39:00,1581.0,1342.0,2.0,0.0,0.0,0.0,0.0,1.0,0.0,0.0,0.0,19.1,24.5,67.0,3,0.0,1.0
265,2024-11-05 17:39:10,1149.0,1342.0,3.0,0.0,0.0,0.0,0.0,1.0,1.0,0.0,0.0,19.1,24.5,67.0,3,0.0,0.0
266,2024-11-05 17:39:20,967.0,847.0,0.0,0.0,0.0,0.0,0.0,1.0,1.0,0.0,0.0,19.1,24.5,67.0,3,0.0,0.0
267,2024-11-05 17:39:30,764.0,847.0,0.0,0.0,0.0,0.0,0.0,1.0,1.0,0.0,0.0,19.1,24.5,67.0,3,0.0,0.0
268,2024-11-05 17:39:40,919.0,847.0,0.0,0.0,0.0,0.0,0.0,1.0,1.0,0.0,0.0,19.1,24.5,67.0,3,0.0,0.0
269,2024-11-05 17:39:50,641.0,847.0,0.0,0.0,0.0,0.0,0.0,1.0,1.0,0.0,0.0,19.1,24.5,67.0,3,0.0,0.0
270,2024-11-05 17:40:00,944.0,847.0,0.0,0.0,0.0,0.0,0.0,2.0,1.0,0.0,0.0,19.1,24.5,67.0,3,0.0,0.0
271,2024-11-05 17:40:10,782.0,850.0,0.0,0.0,0.0,0.0,0.0,2.0,1.0,1.0,0.0,19.1,24.5,67.0,3,0.0,0.0
272,2024-11-05 17:40:20,954.0,850.0,3.0,0.0,0.0,0.0,0.0,3.0,0.0,0.0,0.0,19.1,24.5,67.0,3,0.0,0.0
273,2024-11-05 17:40:30,810.0,850.0,6.0,0.0,0.0,0.0,0.0,1.0,0.0,0.0,0.0,19.1,24.5,67.0,3,0.0,0.0
274,2024-11-05 17:40:40,787.0,850.0,1.0,0.0,0.0,0.0,0.0,2.0,1.0,0.0,0.0,19.1,24.5,67.0,3,0.0,0.0
275,2024-11-05 17:40:50,917.0,850.0,0.0,0.0,0.0,0.0,0.0,2.0,1.0,0.0,0.0,19.1,24.5,67.0,3,0.0,0.0
276,2024-11-05 17:41:00,1169.0,1156.0,0.0,0.0,0.0,0.0,0.0,1.0,1.0,0.0,0.0,19.1,24.5,67.0,3,0.0,0.0
277,2024-11-05 17:41:10,1262.0,1156.0,0.0,0.0,0.0,0.0,0.0,1.0,1.0,0.0,0.0,19.1,24.5,67.0,3,0.0,0.0
278,2024-11-05 17:41:20,1037.0,1156.0,0.0,0.0,0.0,0.0,0.0,4.0,1.0,0.0,0.0,19.1,24.5,67.0,3,0.0,0.0
279,2024-11-05 17:41:30,1101.0,1000.0,0.0,0.0,0.0,0.0,0.0,3.0,1.0,0.0,0.0,19.1,24.5,67.0,3,0.0,0.0
280,2024-11-05 17:41:40,1034.0,1000.0,0.0,0.0,0.0,0.0,0.0,3.0,0.0,0.0,0.0,19.1,24.5,67.0,3,0.0,0.0
281,2024-11-05 17:41:50,930.0,1000.0,4.0,0.0,0.0,0.0,0.0,3.0,0.0,0.0,0.0,19.1,24.5,67.0,3,0.0,0.0
282,2024-11-05 17:42:00,935.0,1000.0,3.0,0.0,1.0,0.0,0.0,3.0,0.0,0.0,0.0,19.1,24.5,67.0,3,0.0,0.0
283,2024-11-05 17:42:10,599.0,916.0,1.0,0.0,0.0,0.0,0.0,2.0,1.0,0.0,0.0,19.1,24.5,67.0,3,0.0,0.0
284,2024-11-05 17:42:20,971.0,916.0,0.0,0.0,0.0,0.0,0.0,2.0,1.0,0.0,0.0,19.1,24.5,67.0,3,0.0,0.0
285,2024-11-05 17:42:30,922.0,916.0,0.0,0.0,0.0,0.0,0.0,1.0,1.0,0.0,0.0,19.1,24.5,67.0,3,0.0,0.0
286,2024-11-05 17:42:40,885.0,916.0,0.0,0.0,0.0,0.0,0.0,3.0,2.0,0.0,0.0,19.1,24.5,67.0,3,0.0,0.0
287,2024-11-05 17:42:50,1205.0,916.0,0.0,0.0,0.0,0.0,0.0,2.0,1.0,0.0,0.0,19.1,24.5,67.0,3,0.0,0.0
288,2024-11-05 17:43:00,625.0,846.0,1.0,0.0,0.0,0.0,0.0,2.0,1.0,0.0,0.0,19.1,24.5,67.0,3,0.0,0.0
289,2024-11-05 17:43:10,585.0,846.0,3.0,0.0,0.0,0.0,0.0,3.0,0.0,1.0,0.0,19.1,24.5,67.0,3,0.0,0.0
290,2024-11-05 17:43:20,1189.0,846.0,5.0,0.0,0.0,0.0,0.0,3.0,1.0,0.0,0.0,19.1,24.5,67.0,3,0.0,0.0
291,2024-11-05 17:43:30,818.0,846.0,1.0,0.0,0.0,0.0,0.0,1.0,1.0,0.0,0.0,19.1,24.5,67.0,3,0.0,0.0
292,2024-11-05 17:43:40,1011.0,846.0,0.0,0.0,0.0,0.0,0.0,4.0,2.0,0.0,0.0,19.1,24.5,67.0,3,0.0,0.0
293,2024-11-12 18:59:30,769.0,723.0,2.0,0.0,0.0,0.0,0.0,4.0,0.0,0.0,0.0,4.1,6.3,66.0,4,0.0,0.0
294,2024-11-12 19:00:00,625.0,591.0,1.0,0.0,0.0,0.0,0.0,0.0,0.0,0.0,0.0,4.1,6.3,66.0,4,0.0,0.0
295,2024-11-12 19:00:30,557.0,591.0,3.0,0.0,0.0,0.0,0.0,1.0,0.0,0.0,0.0,4.1,6.3,66.0,4,0.0,0.0
296,2024-11-12 19:01:00,642.0,603.0,2.0,0.0,0.0,0.0,0.0,4.0,0.0,0.0,0.0,4.1,6.3,66.0,4,0.0,0.0
297,2024-11-12 19:01:30,563.0,603.0,0.0,0.0,0.0,0.0,0.0,0.0,0.0,0.0,0.0,4.1,6.3,66.0,4,0.0,0.0
298,2024-11-12 19:02:00,549.0,578.0,6.0,0.0,0.0,0.0,0.0,1.0,0.0,0.0,0.0,4.1,6.3,66.0,4,0.0,0.0
299,2024-11-12 19:02:30,553.0,578.0,0.0,0.0,0.0,0.0,0.0,4.0,0.0,0.0,0.0,4.1,6.3,66.0,4,0.0,0.0
300,2024-11-12 19:03:00,633.0,578.0,0.0,0.0,0.0,0.0,0.0,1.0,1.0,0.0,0.0,4.1,6.3,66.0,4,0.0,0.0
301,2024-11-12 19:03:30,551.0,578.0,4.0,0.0,0.0,0.0,0.0,3.0,0.0,0.0,0.0,4.1,6.3,66.0,4,0.0,0.0
302,2024-11-12 19:04:00,604.0,578.0,1.0,0.0,0.0,0.0,0.0,1.0,1.0,0.0,0.0,4.1,6.3,66.0,4,0.0,0.0
303,2024-11-12 19:04:30,507.0,470.0,2.0,1.0,0.0,0.0,0.0,0.0,0.0,0.0,0.0,4.1,6.3,66.0,4,0.0,0.0
304,2024-11-12 19:05:00,524.0,470.0,5.0,0.0,0.0,0.0,0.0,7.0,0.0,0.0,0.0,4.1,6.3,66.0,4,0.0,0.0
305,2024-11-12 19:05:30,379.0,470.0,0.0,0.0,0.0,0.0,0.0,1.0,0.0,0.0,0.0,4.1,6.3,66.0,4,0.0,0.0
306,2024-11-12 19:06:00,523.0,518.0,5.0,0.0,0.0,0.0,0.0,2.0,0.0,0.0,0.0,4.1,6.3,66.0,4,0.0,0.0
307,2024-11-12 19:06:30,527.0,518.0,6.0,0.0,0.0,0.0,0.0,5.0,0.0,0.0,0.0,4.1,6.3,66.0,4,0.0,0.0
308,2024-11-12 19:07:00,504.0,518.0,3.0,1.0,0.0,0.0,0.0,2.0,0.0,0.0,0.0,4.1,6.3,66.0,4,0.0,0.0
309,2024-11-12 19:07:30,516.0,491.0,3.0,1.0,0.0,1.0,0.0,1.0,0.0,0.0,0.0,4.1,6.3,66.0,4,0.0,0.0
310,2024-11-12 19:08:00,460.0,491.0,5.0,0.0,0.0,0.0,0.0,2.0,0.0,0.0,0.0,4.1,6.3,66.0,4,0.0,0.0
311,2024-11-12 19:08:30,498.0,491.0,2.0,0.0,0.0,0.0,0.0,0.0,0.0,0.0,0.0,4.1,6.3,66.0,4,0.0,0.0
312,2024-11-12 19:09:00,939.0,956.0,4.0,0.0,0.0,0.0,0.0,3.0,0.0,0.0,0.0,4.1,6.3,66.0,4,0.0,1.0
313,2024-11-12 19:09:30,973.0,956.0,5.0,0.0,0.0,0.0,0.0,6.0,0.0,0.0,0.0,4.1,6.3,66.0,4,0.0,1.0
314,2024-11-12 19:10:00,623.0,586.0,0.0,1.0,0.0,0.0,0.0,1.0,0.0,0.0,0.0,4.1,6.3,66.0,4,0.0,0.0
315,2024-11-12 19:10:30,548.0,586.0,5.0,0.0,0.0,0.0,0.0,1.0,0.0,0.0,0.0,4.1,6.3,66.0,4,0.0,0.0
316,2024-11-12 19:11:00,538.0,467.0,5.0,0.0,0.0,0.0,0.0,2.0,0.0,0.0,0.0,4.1,6.3,66.0,4,0.0,0.0
317,2024-11-12 19:11:30,468.0,467.0,0.0,0.0,0.0,0.0,0.0,0.0,0.0,0.0,0.0,4.1,6.3,66.0,4,0.0,0.0
318,2024-11-12 19:12:00,395.0,467.0,6.0,1.0,0.0,0.0,0.0,3.0,0.0,0.0,0.0,4.1,6.3,66.0,4,0.0,0.0
319,2024-11-12 19:12:30,314.0,343.0,0.0,0.0,0.0,0.0,0.0,2.0,0.0,0.0,0.0,4.1,6.3,66.0,4,0.0,0.0
320,2024-11-12 19:13:00,414.0,343.0,2.0,0.0,0.0,0.0,0.0,0.0,0.0,0.0,0.0,4.1,6.3,66.0,4,0.0,0.0
321,2024-11-12 19:25:30,312.0,295.0,2.0,0.0,18.0,0.0,0.0,5.0,0.0,0.0,0.0,4.1,6.3,66.0,5,1.0,0.0
322,2024-11-12 19:26:00,311.0,295.0,1.0,0.0,1.0,0.0,0.0,1.0,1.0,0.0,0.0,4.1,6.3,66.0,5,0.0,0.0
323,2024-11-12 19:26:30,276.0,256.0,3.0,1.0,3.0,0.0,0.0,2.0,2.0,0.0,0.0,4.1,6.3,66.0,5,0.0,0.0
324,2024-11-12 19:27:00,271.0,256.0,4.0,2.0,14.0,0.0,0.0,3.0,2.0,0.0,0.0,4.1,6.3,66.0,5,0.0,0.0
325,2024-11-12 19:27:30,185.0,256.0,1.0,1.0,1.0,0.0,0.0,2.0,0.0,0.0,0.0,4.1,6.3,66.0,5,0.0,0.0
326,2024-11-12 19:28:00,205.0,256.0,3.0,1.0,4.0,0.0,0.0,2.0,0.0,0.0,0.0,4.1,6.3,66.0,5,0.0,0.0
327,2024-11-12 19:28:30,345.0,256.0,2.0,0.0,5.0,0.0,0.0,3.0,2.0,0.0,0.0,4.1,6.3,66.0,5,1.0,0.0
328,2024-11-12 19:29:00,306.0,229.0,0.0,1.0,5.0,0.0,0.0,2.0,2.0,0.0,0.0,4.1,6.3,66.0,5,1.0,0.0
329,2024-11-12 19:29:30,274.0,229.0,4.0,1.0,10.0,0.0,0.0,5.0,2.0,0.0,0.0,4.1,6.3,66.0,5,2.0,0.0
330,2024-11-12 19:30:00,93.0,229.0,0.0,0.0,6.0,0.0,0.0,1.0,0.0,0.0,0.0,3.4,4.9,69.0,5,2.0,0.0
331,2024-11-12 19:30:30,136.0,229.0,0.0,0.0,0.0,0.0,0.0,0.0,0.0,0.0,0.0,3.4,4.9,69.0,5,0.0,0.0
332,2024-11-12 19:31:00,336.0,229.0,4.0,0.0,6.0,0.0,0.0,6.0,0.0,0.0,0.0,3.4,4.9,69.0,5,0.0,0.0
333,2024-11-12 19:31:30,513.0,313.0,3.0,0.0,2.0,0.0,0.0,2.0,2.0,0.0,0.0,3.4,4.9,69.0,5,0.0,0.0
334,2024-11-12 19:32:00,208.0,313.0,0.0,0.0,3.0,0.0,0.0,2.0,2.0,0.0,0.0,3.4,4.9,69.0,5,0.0,0.0
335,2024-11-12 19:32:30,272.0,313.0,2.0,1.0,7.0,0.0,0.0,5.0,2.0,0.0,0.0,3.4,4.9,69.0,5,0.0,0.0
336,2024-11-12 19:33:00,259.0,313.0,3.0,1.0,5.0,0.0,0.0,2.0,2.0,0.0,0.0,3.4,4.9,69.0,5,0.0,0.0
337,2024-11-12 19:33:30,97.0,255.0,1.0,1.0,7.0,0.0,0.0,2.0,2.0,0.0,0.0,3.4,4.9,69.0,5,0.0,0.0
338,2024-11-12 19:34:00,387.0,255.0,1.0,0.0,7.0,0.0,0.0,8.0,0.0,0.0,0.0,3.4,4.9,69.0,5,2.0,0.0
339,2024-11-12 19:34:30,226.0,255.0,2.0,0.0,6.0,0.0,0.0,0.0,1.0,0.0,0.0,3.4,4.9,69.0,5,2.0,0.0
340,2024-11-12 19:35:00,264.0,255.0,2.0,2.0,1.0,0.0,0.0,1.0,1.0,0.0,0.0,3.4,4.9,69.0,5,1.0,0.0
341,2024-11-12 19:35:30,300.0,255.0,2.0,0.0,6.0,0.0,0.0,4.0,0.0,0.0,0.0,3.4,4.9,69.0,5,3.0,0.0
342,2024-11-12 19:36:00,601.0,413.0,0.0,1.0,4.0,0.0,0.0,2.0,2.0,0.0,0.0,3.4,4.9,69.0,5,2.0,0.0
343,2024-11-12 19:36:30,310.0,413.0,1.0,1.0,4.0,0.0,0.0,5.0,2.0,0.0,0.0,3.4,4.9,69.0,5,1.0,0.0
344,2024-11-12 19:37:00,327.0,413.0,4.0,0.0,5.0,0.0,0.0,4.0,0.0,0.0,0.0,3.4,4.9,69.0,5,0.0,0.0
345,2024-11-12 19:37:30,314.0,236.0,0.0,0.0,0.0,0.0,0.0,0.0,0.0,0.0,0.0,3.4,4.9,69.0,5,1.0,0.0
346,2024-11-12 19:38:00,259.0,236.0,1.0,0.0,2.0,0.0,0.0,1.0,0.0,0.0,0.0,3.4,4.9,69.0,5,2.0,0.0
347,2024-11-12 19:38:30,131.0,236.0,4.0,1.0,3.0,0.0,0.0,3.0,2.0,0.0,0.0,3.4,4.9,69.0,5,1.0,0.0
348,2024-11-12 19:39:00,212.0,236.0,1.0,1.0,4.0,0.0,0.0,2.0,2.0,0.0,0.0,3.4,4.9,69.0,5,0.0,0.0
349,2024-11-12 19:39:30,262.0,236.0,2.0,1.0,6.0,0.0,0.0,5.0,3.0,0.0,0.0,3.4,4.9,69.0,5,0.0,0.0
350,2024-11-12 19:40:00,174.0,242.0,1.0,0.0,6.0,0.0,0.0,3.0,2.0,0.0,0.0,3.4,4.9,69.0,5,1.0,0.0
351,2024-11-12 19:40:30,362.0,242.0,0.0,0.0,0.0,0.0,0.0,3.0,3.0,0.0,0.0,3.4,4.9,69.0,5,0.0,0.0
352,2024-11-12 19:41:00,268.0,242.0,0.0,0.0,0.0,0.0,0.0,4.0,2.0,0.0,0.0,3.4,4.9,69.0,5,0.0,0.0
353,2024-11-12 19:41:30,199.0,242.0,0.0,0.0,0.0,0.0,0.0,3.0,1.0,0.0,0.0,3.4,4.9,69.0,5,0.0,0.0
354,2024-11-12 19:42:00,100.0,242.0,0.0,0.0,0.0,0.0,0.0,1.0,1.0,0.0,0.0,3.4,4.9,69.0,5,0.0,0.0
355,2024-11-12 19:42:30,351.0,242.0,2.0,0.0,7.0,0.0,0.0,9.0,1.0,0.0,0.0,3.4,4.9,69.0,5,0.0,0.0
356,2024-11-12 19:43:00,135.0,228.0,0.0,0.0,0.0,0.0,0.0,1.0,1.0,0.0,0.0,3.4,4.9,69.0,5,0.0,0.0
357,2024-11-12 19:43:30,162.0,228.0,0.0,0.0,1.0,0.0,0.0,4.0,1.0,0.0,0.0,3.4,4.9,69.0,5,1.0,0.0
358,2024-11-18 19:50:30,368.0,529.0,2.0,2.0,0.0,0.0,0.0,0.0,0.0,0.0,0.0,7.3,9.2,78.0,6,0.0,0.0
359,2024-11-18 19:51:00,346.0,529.0,1.0,1.0,0.0,0.0,0.0,0.0,0.0,0.0,0.0,7.3,9.2,78.0,6,0.0,0.0
360,2024-11-18 19:51:30,1049.0,529.0,2.0,2.0,5.0,0.0,0.0,1.0,0.0,0.0,0.0,7.3,9.2,78.0,6,0.0,0.0
361,2024-11-18 19:52:00,1391.0,1391.0,5.0,3.0,0.0,0.0,0.0,1.0,0.0,0.0,0.0,7.3,9.2,78.0,6,0.0,0.0
362,2024-11-18 19:52:30,382.0,475.0,0.0,0.0,0.0,0.0,0.0,1.0,1.0,0.0,0.0,7.3,9.2,78.0,6,0.0,0.0
363,2024-11-18 19:53:00,610.0,475.0,0.0,0.0,1.0,0.0,0.0,1.0,0.0,0.0,0.0,7.3,9.2,78.0,6,1.0,0.0
364,2024-11-18 19:53:30,432.0,475.0,0.0,0.0,0.0,0.0,0.0,1.0,0.0,0.0,0.0,7.3,9.2,78.0,6,0.0,0.0
365,2024-11-18 19:54:00,592.0,574.0,1.0,1.0,2.0,0.0,0.0,0.0,0.0,0.0,0.0,7.3,9.2,78.0,6,0.0,0.0
366,2024-11-18 19:54:30,556.0,574.0,2.0,3.0,3.0,0.0,0.0,1.0,1.0,0.0,0.0,7.3,9.2,78.0,6,0.0,0.0
367,2024-11-18 19:55:00,454.0,487.0,1.0,0.0,0.0,0.0,0.0,0.0,0.0,0.0,0.0,7.3,9.2,78.0,6,0.0,0.0
368,2024-11-18 19:55:30,433.0,487.0,2.0,2.0,2.0,0.0,0.0,1.0,1.0,0.0,0.0,7.3,9.2,78.0,6,0.0,0.0
369,2024-11-18 19:56:00,575.0,487.0,1.0,1.0,0.0,0.0,0.0,1.0,1.0,0.0,0.0,7.3,9.2,78.0,6,0.0,0.0
370,2024-11-18 19:56:30,318.0,441.0,0.0,0.0,0.0,0.0,0.0,1.0,1.0,0.0,0.0,7.3,9.2,78.0,6,0.0,0.0
371,2024-11-18 19:57:00,558.0,441.0,1.0,0.0,0.0,0.0,0.0,1.0,2.0,0.0,0.0,7.3,9.2,78.0,6,0.0,0.0
372,2024-11-18 19:57:30,447.0,441.0,3.0,0.0,2.0,0.0,0.0,0.0,1.0,0.0,0.0,7.3,9.2,78.0,6,0.0,0.0
373,2024-11-18 19:58:00,342.0,323.0,2.0,2.0,0.0,0.0,0.0,0.0,0.0,0.0,0.0,7.3,9.2,78.0,6,0.0,0.0
374,2024-11-18 19:58:30,436.0,323.0,3.0,2.0,0.0,0.0,0.0,0.0,0.0,0.0,0.0,7.3,9.2,78.0,6,0.0,0.0
375,2024-11-18 19:59:00,167.0,323.0,1.0,0.0,0.0,0.0,0.0,0.0,0.0,0.0,0.0,7.3,9.2,78.0,6,0.0,0.0
376,2024-11-18 19:59:30,348.0,323.0,1.0,0.0,2.0,0.0,0.0,0.0,1.0,0.0,0.0,7.3,9.2,78.0,6,0.0,0.0
377,2024-11-18 20:00:00,246.0,292.0,3.0,2.0,0.0,0.0,0.0,1.0,0.0,0.0,0.0,7.3,9.2,78.0,6,0.0,0.0
