Time,BC,BC post,car_line2,car_line2_stop,car_line3,truck_line2,truck_line2_stop,car_line1,car_line1_stop,truck_line3,truck_line3_stop,summed,traffic,history_temperature,history_wind_speed,history_humidity,forecast_temperature,forecast_wind_speed,forecast_humidity
2024-11-04 17:51:30,1099.0,1119.0,1.0,1.0,1.0,2.0,1.0,1.0,1.0,0.0,0.0,3.0,0.8,14.7,15.7,70.0,12.3,11.9,70.0
2024-11-04 17:52:00,1138.0,1119.0,3.0,1.0,0.0,0.0,0.0,1.0,0.0,0.0,0.0,4.0,0.8,14.7,15.7,70.0,12.3,11.9,70.0
2024-11-04 17:52:30,974.0,981.0,1.0,0.0,1.0,0.0,0.0,1.0,1.0,0.0,0.0,3.0,0.8,14.7,15.7,70.0,12.3,11.9,70.0
2024-11-04 17:53:00,988.0,981.0,2.0,1.0,0.0,0.0,0.0,0.0,0.0,0.0,0.0,2.0,0.8,14.7,15.7,70.0,12.3,11.9,70.0
2024-11-04 17:53:30,1078.0,1099.0,0.0,0.0,0.0,0.0,0.0,3.0,1.0,0.0,0.0,4.0,0.8,14.7,15.7,70.0,12.3,11.9,70.0
2024-11-04 17:54:00,1119.0,1099.0,3.0,0.0,1.0,0.0,0.0,4.0,2.0,0.0,0.0,9.0,0.8,14.7,15.7,70.0,12.3,11.9,70.0
2024-11-04 17:54:30,1029.0,1075.0,2.0,2.0,0.0,0.0,0.0,1.0,0.0,0.0,0.0,3.0,0.8,14.7,15.7,70.0,12.3,11.9,70.0
2024-11-04 17:55:00,1120.0,1075.0,1.0,0.0,0.0,3.0,1.0,1.0,0.0,0.0,0.0,2.0,0.8,14.7,15.7,70.0,12.3,11.9,70.0
2024-11-04 17:55:30,1240.0,1240.0,0.0,0.0,2.0,0.0,0.0,7.0,2.0,1.0,1.0,9.0,0.8,14.7,15.7,70.0,12.3,11.9,70.0
2024-11-04 17:56:00,1368.0,1368.0,2.0,1.0,0.0,0.0,0.0,3.0,0.0,0.0,0.0,5.0,0.8,14.7,15.7,70.0,12.3,11.9,70.0
2024-11-04 17:56:30,1099.0,1164.0,0.0,0.0,0.0,0.0,0.0,2.0,1.0,0.0,0.0,3.0,0.8,14.7,15.7,70.0,12.3,11.9,70.0
2024-11-04 17:57:00,1228.0,1164.0,3.0,1.0,1.0,0.0,0.0,6.0,4.0,0.0,0.0,13.0,0.8,14.7,15.7,70.0,12.3,11.9,70.0
2024-11-04 17:57:30,1102.0,1040.0,1.0,1.0,0.0,0.0,0.0,3.0,2.0,0.0,0.0,6.0,0.8,14.7,15.7,70.0,12.3,11.9,70.0
2024-11-04 17:58:00,978.0,1040.0,2.0,2.0,0.0,0.0,0.0,5.0,4.0,0.0,0.0,11.0,0.8,14.7,15.7,70.0,12.3,11.9,70.0
2024-11-04 17:58:30,999.0,883.0,2.0,1.0,1.0,0.0,0.0,3.0,3.0,0.0,0.0,8.0,0.8,14.7,15.7,70.0,12.3,11.9,70.0
2024-11-04 17:59:00,766.0,883.0,1.0,0.0,3.0,0.0,0.0,0.0,0.0,0.0,0.0,1.0,0.8,14.7,15.7,70.0,12.3,11.9,70.0
2024-11-04 17:59:30,829.0,773.0,0.0,0.0,2.0,0.0,0.0,2.0,0.0,0.0,0.0,2.0,0.8,14.7,15.7,70.0,12.3,11.9,70.0
2024-11-04 18:00:00,717.0,773.0,4.0,1.0,0.0,0.0,0.0,0.0,0.0,0.0,0.0,4.0,0.8,14.7,15.7,70.0,12.3,11.9,70.0
2024-11-04 18:00:30,710.0,712.0,1.0,1.0,1.0,0.0,0.0,0.0,0.0,0.0,0.0,1.0,0.8,14.7,15.7,70.0,12.3,11.9,70.0
2024-11-04 18:01:00,714.0,712.0,2.0,2.0,0.0,0.0,0.0,0.0,0.0,0.0,0.0,2.0,0.8,14.7,15.7,70.0,12.3,11.9,70.0
2024-11-04 18:01:30,784.0,835.0,0.0,0.0,1.0,0.0,0.0,0.0,0.0,0.0,0.0,0.0,0.8,14.7,15.7,70.0,12.3,11.9,70.0
2024-11-04 18:02:00,886.0,835.0,1.0,0.0,1.0,0.0,0.0,0.0,0.0,0.0,0.0,1.0,0.8,14.7,15.7,70.0,12.3,11.9,70.0
2024-11-04 18:02:30,751.0,891.0,2.0,0.0,0.0,0.0,0.0,3.0,0.0,0.0,0.0,5.0,0.8,14.7,15.7,70.0,12.3,11.9,70.0
2024-11-04 18:03:00,1030.0,891.0,1.0,0.0,0.0,0.0,0.0,2.0,1.0,0.0,0.0,4.0,0.8,14.7,15.7,70.0,12.3,11.9,70.0
2024-11-04 18:03:30,833.0,933.0,1.0,2.0,3.0,0.0,0.0,1.0,1.0,0.0,0.0,3.0,0.8,14.7,15.7,70.0,12.3,11.9,70.0
2024-11-04 18:04:00,1032.0,933.0,5.0,3.0,1.0,0.0,0.0,2.0,0.0,0.0,0.0,7.0,0.8,14.7,15.7,70.0,12.3,11.9,70.0
2024-11-04 18:04:30,848.0,853.0,1.0,1.0,1.0,0.0,0.0,0.0,0.0,0.0,0.0,1.0,0.8,14.7,15.7,70.0,12.3,11.9,70.0
2024-11-04 18:05:00,857.0,853.0,3.0,2.0,1.0,0.0,0.0,1.0,0.0,0.0,0.0,4.0,0.8,14.7,15.7,70.0,12.3,11.9,70.0
2024-11-04 18:05:30,829.0,753.0,2.0,1.0,0.0,0.0,0.0,0.0,0.0,0.0,0.0,2.0,0.8,14.7,15.7,70.0,12.3,11.9,70.0
2024-11-04 18:06:00,676.0,753.0,1.0,1.0,1.0,0.0,0.0,1.0,0.0,0.0,0.0,2.0,0.8,14.7,15.7,70.0,12.3,11.9,70.0
2024-11-04 18:06:30,785.0,801.0,2.0,1.0,1.0,0.0,0.0,1.0,2.0,0.0,0.0,5.0,0.8,14.7,15.7,70.0,12.3,11.9,70.0
2024-11-04 18:07:00,816.0,801.0,3.0,1.0,1.0,0.0,0.0,0.0,1.0,0.0,0.0,4.0,0.8,14.7,15.7,70.0,12.3,11.9,70.0
2024-11-04 18:07:30,796.0,861.0,1.0,1.0,1.0,0.0,0.0,2.0,2.0,0.0,0.0,5.0,0.8,14.7,15.7,70.0,12.3,11.9,70.0
2024-11-04 18:08:00,925.0,861.0,0.0,0.0,0.0,0.0,0.0,2.0,1.0,0.0,0.0,3.0,0.8,14.7,15.7,70.0,12.3,11.9,70.0
2024-11-04 18:08:30,629.0,650.0,0.0,0.0,1.0,0.0,0.0,1.0,0.0,0.0,0.0,1.0,0.8,14.7,15.7,70.0,12.3,11.9,70.0
2024-11-04 18:09:00,670.0,650.0,1.0,0.0,2.0,0.0,0.0,0.0,0.0,0.0,0.0,1.0,0.8,14.7,15.7,70.0,12.3,11.9,70.0
2024-11-04 18:09:30,580.0,552.0,1.0,0.0,0.0,0.0,0.0,0.0,0.0,0.0,0.0,1.0,0.8,14.7,15.7,70.0,12.3,11.9,70.0
2024-11-04 18:10:00,549.0,552.0,1.0,0.0,2.0,0.0,0.0,1.0,0.0,0.0,0.0,2.0,0.8,14.7,15.7,70.0,12.3,11.9,70.0
2024-11-04 18:10:30,528.0,552.0,0.0,0.0,1.0,0.0,0.0,0.0,0.0,0.0,0.0,0.0,0.8,14.7,15.7,70.0,12.3,11.9,70.0
2024-11-04 18:11:00,571.0,568.0,1.0,1.0,0.0,0.0,0.0,1.0,0.0,0.0,0.0,2.0,0.8,14.7,15.7,70.0,12.3,11.9,70.0
2024-11-04 18:11:30,559.0,568.0,1.0,1.0,2.0,0.0,0.0,1.0,0.0,0.0,0.0,2.0,0.8,14.7,15.7,70.0,12.3,11.9,70.0
2024-11-04 18:12:00,573.0,568.0,1.0,0.0,0.0,0.0,0.0,1.0,0.0,0.0,0.0,2.0,0.8,14.7,15.7,70.0,12.3,11.9,70.0
